epoch,accuracy,loss,val_accuracy,val_loss
20,0.517747163772583,1.75892972946167,0.5282275080680847,1.7666794061660767
